﻿{"cameraMode":{"drawMode":0,"name":"Shaded","section":"Shading Mode"},"sceneLighting":true,"audioPlay":false,"sceneViewState":{"showFog":true,"showMaterialUpdate":false,"showSkybox":true,"showFlares":true,"showImageEffects":true,"showParticleSystems":true},"in2DMode":false,"pivot":{"x":-11.492931365966797,"y":4.539878845214844,"z":3.085897445678711},"rotation":{"x":-0.03671795129776001,"y":0.8724136352539063,"z":-0.48285093903541567,"w":-0.06634191423654556},"size":21.28205680847168,"orthographic":false}